"table","rows","subjects","positive_rate"
"real",251490,99,0.419674738558193
"synthetic",256800,200,0.48571261682243
